seed_keyword,related_keyword,trend_score,title,reason,target,post,tags
Claude,claude for small business,8200,ちょっと面白いのがclaude for small business、“確認しておきたい”人増えてる？。わりとリアル。,「claude for small business」という検索が出ており、Claude周辺で具体的な関心が見えます。,学び直しや情報収集をしている人,"最近『claude for small business』を調べる人が出てきてる。

こういう検索ワードを見ると、今どこに不安や関心があるのか少し見える。",学習|トレンド|観測
Claude,とほほ の claude code 入門,5800,前よりとほほ の claude code 入門、最近かなり見る。ちょっと面白い。,「とほほ の claude code 入門」という検索が出ており、Claude周辺で具体的な関心が見えます。,学び直しや情報収集をしている人,"最近『とほほ の claude code 入門』を調べる人が出てきてる。

こういう検索ワードを見ると、今どこに不安や関心があるのか少し見える。",学習|トレンド|観測
Claude,claude small business,2550,前よりclaude small business、気にする人増えてるっぽい。時代の流れ感じる。,「claude small business」という検索が出ており、Claude周辺で具体的な関心が見えます。,学び直しや情報収集をしている人,"最近『claude small business』を調べる人が出てきてる。

こういう検索ワードを見ると、今どこに不安や関心があるのか少し見える。",学習|トレンド|観測
Claude,claude for small business 日本,2250,検索の空気変わってきた？claude for small business 日本、最近かなり見る。“知ってる前提”になってきた？,「claude for small business 日本」という検索が出ており、Claude周辺で具体的な関心が見えます。,学び直しや情報収集をしている人,"最近『claude for small business 日本』を調べる人が出てきてる。

こういう検索ワードを見ると、今どこに不安や関心があるのか少し見える。",学習|トレンド|観測
Claude,claude for legal,1300,ここに来て“claude for legal”検索、増えてる？。時代の流れ感じる。,「claude for legal」という検索が出ており、Claude周辺で具体的な関心が見えます。,学び直しや情報収集をしている人,"最近『claude for legal』を調べる人が出てきてる。

こういう検索ワードを見ると、今どこに不安や関心があるのか少し見える。",学習|トレンド|観測
Claude,claude code goal,400,以前より“claude code goal”検索、増えてる？。気づけば普通になってる。,「claude code goal」という検索が出ており、Claude周辺で具体的な関心が見えます。,学び直しや情報収集をしている人,"最近『claude code goal』を調べる人が出てきてる。

こういう検索ワードを見ると、今どこに不安や関心があるのか少し見える。",学習|トレンド|観測
Claude,claude platform on aws,400,意外とclaude platform on aws、気にする人増えてるっぽい。ちょっと面白い。,「claude platform on aws」という検索が出ており、Claude周辺で具体的な関心が見えます。,学び直しや情報収集をしている人,"最近『claude platform on aws』を調べる人が出てきてる。

こういう検索ワードを見ると、今どこに不安や関心があるのか少し見える。",学習|トレンド|観測
Claude,claude code agent view,400,最近、claude code agent viewが、じわじわ普通になってきた感じある。ここ数年で空気変わった気がする。,「claude code agent view」という検索が出ており、Claude周辺で具体的な関心が見えます。,学び直しや情報収集をしている人,"最近『claude code agent view』を調べる人が出てきてる。

こういう検索ワードを見ると、今どこに不安や関心があるのか少し見える。",学習|トレンド|観測
Claude,openmythos,200,なんかopenmythos、最近ちゃんと定着してきた印象。わりとリアル。,「openmythos」という検索が出ており、Claude周辺で具体的な関心が見えます。,学び直しや情報収集をしている人,"最近『openmythos』を調べる人が出てきてる。

こういう検索ワードを見ると、今どこに不安や関心があるのか少し見える。",学習|トレンド|観測
Claude,ミュトス,200,意外とミュトス、最近かなり見る。ここ数年で空気変わった気がする。,「ミュトス」という検索が出ており、Claude周辺で具体的な関心が見えます。,学び直しや情報収集をしている人,"最近『ミュトス』を調べる人が出てきてる。

こういう検索ワードを見ると、今どこに不安や関心があるのか少し見える。",学習|トレンド|観測
Claude,クロード ミュトス,190,今年入ってクロード ミュトス、知らないと不安になる段階かも。ちょっと面白い。,「クロード ミュトス」という検索が出ており、Claude周辺で具体的な関心が見えます。,学び直しや情報収集をしている人,"最近『クロード ミュトス』を調べる人が出てきてる。

こういう検索ワードを見ると、今どこに不安や関心があるのか少し見える。",学習|トレンド|観測
Claude,mythos,170,なんかmythos、最近かなり見る。わりとリアル。,「mythos」という検索が出ており、Claude周辺で具体的な関心が見えます。,学び直しや情報収集をしている人,"最近『mythos』を調べる人が出てきてる。

こういう検索ワードを見ると、今どこに不安や関心があるのか少し見える。",学習|トレンド|観測
Claude,claude agent sdk,160,前よりclaude agent sdk、最近かなり見る。わりとリアル。,「claude agent sdk」という検索が出ており、Claude周辺で具体的な関心が見えます。,学び直しや情報収集をしている人,"最近『claude agent sdk』を調べる人が出てきてる。

こういう検索ワードを見ると、今どこに不安や関心があるのか少し見える。",学習|トレンド|観測
Claude,claude mythos,150,今年入ってclaude mythos、“知ってる前提”になってきた？。“知ってる前提”になってきた？,「claude mythos」という検索が出ており、Claude周辺で具体的な関心が見えます。,学び直しや情報収集をしている人,"最近『claude mythos』を調べる人が出てきてる。

こういう検索ワードを見ると、今どこに不安や関心があるのか少し見える。",学習|トレンド|観測
React,react testing library,150,以前よりreact testing library、気にする人増えてるっぽい。ここ数年で空気変わった気がする。,「react testing library」という検索が出ており、React周辺で具体的な関心が見えます。,学び直しや情報収集をしている人,"最近『react testing library』を調べる人が出てきてる。

こういう検索ワードを見ると、今どこに不安や関心があるのか少し見える。",学習|トレンド|観測
Claude,claude courses,120,じわじわ“claude courses”検索、増えてる？。これ地味に大きい変化かも。,「claude courses」という検索が出ており、Claude周辺で具体的な関心が見えます。,学び直しや情報収集をしている人,"最近『claude courses』を調べる人が出てきてる。

こういう検索ワードを見ると、今どこに不安や関心があるのか少し見える。",学習|トレンド|観測
Claude,claude mythos 読み方,110,ここに来て“claude mythos 読み方”検索、増えてる？。気づけば普通になってる。,「claude mythos 読み方」という検索が出ており、Claude周辺で具体的な関心が見えます。,学び直しや情報収集をしている人,"最近『claude mythos 読み方』を調べる人が出てきてる。

こういう検索ワードを見ると、今どこに不安や関心があるのか少し見える。",学習|トレンド|観測
Cursor,cursor pricing,100,“まず調べる”前提になってきた？“cursor pricing”検索、増えてる？。なんか時代感じる。,「cursor pricing」という検索が出ており、Cursor周辺で具体的な関心が見えます。,学び直しや情報収集をしている人,"最近『cursor pricing』を調べる人が出てきてる。

こういう検索ワードを見ると、今どこに不安や関心があるのか少し見える。",学習|トレンド|観測
Cursor,openclaw,100,“まず調べる”前提になってきた？openclaw、“確認しておきたい”人増えてる？。ちょっと面白い。,「openclaw」という検索が出ており、Cursor周辺で具体的な関心が見えます。,学び直しや情報収集をしている人,"最近『openclaw』を調べる人が出てきてる。

こういう検索ワードを見ると、今どこに不安や関心があるのか少し見える。",学習|トレンド|観測
Claude,claude mythos 何 が すごい,90,前はここまでじゃなかったけど、claude mythos 何 が すごい、知らないと不安になる段階かも。なんとなく今っぽい。,「claude mythos 何 が すごい」という検索が出ており、Claude周辺で具体的な関心が見えます。,学び直しや情報収集をしている人,"最近『claude mythos 何 が すごい』を調べる人が出てきてる。

こういう検索ワードを見ると、今どこに不安や関心があるのか少し見える。",学習|トレンド|観測
Claude,claude mythos とは,80,なんかclaude mythos とは、最近かなり見る。ちょっと面白い。,「claude mythos とは」という検索が出ており、Claude周辺で具体的な関心が見えます。,学び直しや情報収集をしている人,"最近『claude mythos とは』を調べる人が出てきてる。

こういう検索ワードを見ると、今どこに不安や関心があるのか少し見える。",学習|トレンド|観測
Claude,claude mythos preview,80,“まず調べる”前提になってきた？claude mythos preview、最近かなり見る。わりとリアル。,「claude mythos preview」という検索が出ており、Claude周辺で具体的な関心が見えます。,学び直しや情報収集をしている人,"最近『claude mythos preview』を調べる人が出てきてる。

こういう検索ワードを見ると、今どこに不安や関心があるのか少し見える。",学習|トレンド|観測
Next.js,next.js 16,80,ここ最近、next.js 16、気にする人増えてるっぽい。気づけば普通になってる。,「next.js 16」という検索が出ており、Next.js周辺で具体的な関心が見えます。,学び直しや情報収集をしている人,"最近『next.js 16』を調べる人が出てきてる。

こういう検索ワードを見ると、今どこに不安や関心があるのか少し見える。",学習|トレンド|観測
Cursor,cursor composer,70,気づけばcursor composer、“確認しておきたい”人増えてる？。“知ってる前提”になってきた？,「cursor composer」という検索が出ており、Cursor周辺で具体的な関心が見えます。,学び直しや情報収集をしている人,"最近『cursor composer』を調べる人が出てきてる。

こういう検索ワードを見ると、今どこに不安や関心があるのか少し見える。",学習|トレンド|観測
Cursor,kiro,70,以前よりkiroが、じわじわ普通になってきた感じある。“知ってる前提”になってきた？,「kiro」という検索が出ており、Cursor周辺で具体的な関心が見えます。,学び直しや情報収集をしている人,"最近『kiro』を調べる人が出てきてる。

こういう検索ワードを見ると、今どこに不安や関心があるのか少し見える。",学習|トレンド|観測
Vercel,vercel pricing,70,今年入ってvercel pricing、知らないと不安になる段階かも。前はここまでじゃなかった。,「vercel pricing」という検索が出ており、Vercel周辺で具体的な関心が見えます。,学び直しや情報収集をしている人,"最近『vercel pricing』を調べる人が出てきてる。

こういう検索ワードを見ると、今どこに不安や関心があるのか少し見える。",学習|トレンド|観測
Claude,claude status,60,なんかclaude status、知らないと不安になる段階かも。これ地味に大きい変化かも。,「claude status」という検索が出ており、Claude周辺で具体的な関心が見えます。,学び直しや情報収集をしている人,"最近『claude status』を調べる人が出てきてる。

こういう検索ワードを見ると、今どこに不安や関心があるのか少し見える。",学習|トレンド|観測
Claude,claude agent,60,ここに来てclaude agent、“知ってる前提”になってきた？。なんか時代感じる。,「claude agent」という検索が出ており、Claude周辺で具体的な関心が見えます。,学び直しや情報収集をしている人,"最近『claude agent』を調べる人が出てきてる。

こういう検索ワードを見ると、今どこに不安や関心があるのか少し見える。",学習|トレンド|観測
Cursor,openai,60,ここに来てopenai、最近かなり見る。前はここまでじゃなかった。,「openai」という検索が出ており、Cursor周辺で具体的な関心が見えます。,学び直しや情報収集をしている人,"最近『openai』を調べる人が出てきてる。

こういう検索ワードを見ると、今どこに不安や関心があるのか少し見える。",学習|トレンド|観測
Cursor,custom cursor,60,前はここまでじゃなかったけど、“custom cursor”検索、増えてる？。前はここまでじゃなかった。,「custom cursor」という検索が出ており、Cursor周辺で具体的な関心が見えます。,学び直しや情報収集をしている人,"最近『custom cursor』を調べる人が出てきてる。

こういう検索ワードを見ると、今どこに不安や関心があるのか少し見える。",学習|トレンド|観測
Cursor,バイブ コーディング と は,60,意外とバイブ コーディング と は、知らないと不安になる段階かも。前はここまでじゃなかった。,「バイブ コーディング と は」という検索が出ており、Cursor周辺で具体的な関心が見えます。,学び直しや情報収集をしている人,"最近『バイブ コーディング と は』を調べる人が出てきてる。

こういう検索ワードを見ると、今どこに不安や関心があるのか少し見える。",学習|トレンド|観測
Cursor,gemini cli,60,“まず調べる”前提になってきた？gemini cli、知らないと不安になる段階かも。わりとリアル。,「gemini cli」という検索が出ており、Cursor周辺で具体的な関心が見えます。,学び直しや情報収集をしている人,"最近『gemini cli』を調べる人が出てきてる。

こういう検索ワードを見ると、今どこに不安や関心があるのか少し見える。",学習|トレンド|観測
React,tanstack query,60,じわじわtanstack query、前より存在感ある。ここ数年で空気変わった気がする。,「tanstack query」という検索が出ており、React周辺で具体的な関心が見えます。,学び直しや情報収集をしている人,"最近『tanstack query』を調べる人が出てきてる。

こういう検索ワードを見ると、今どこに不安や関心があるのか少し見える。",学習|トレンド|観測
React,supabase,60,気づけばsupabase、気にする人増えてるっぽい。ここ数年で空気変わった気がする。,「supabase」という検索が出ており、React周辺で具体的な関心が見えます。,学び直しや情報収集をしている人,"最近『supabase』を調べる人が出てきてる。

こういう検索ワードを見ると、今どこに不安や関心があるのか少し見える。",学習|トレンド|観測
React,react tutorial,60,検索の空気変わってきた？react tutorial、前より存在感ある。なんとなく今っぽい。,「react tutorial」という検索が出ており、React周辺で具体的な関心が見えます。,学び直しや情報収集をしている人,"最近『react tutorial』を調べる人が出てきてる。

こういう検索ワードを見ると、今どこに不安や関心があるのか少し見える。",学習|トレンド|観測
Vercel,vercel deploy,60,気づけばvercel deploy、前より存在感ある。わりとリアル。,「vercel deploy」という検索が出ており、Vercel周辺で具体的な関心が見えます。,学び直しや情報収集をしている人,"最近『vercel deploy』を調べる人が出てきてる。

こういう検索ワードを見ると、今どこに不安や関心があるのか少し見える。",学習|トレンド|観測
ChatGPT,openai,50,気づけばopenai、前より存在感ある。なんとなく今っぽい。,「openai」という検索が出ており、ChatGPT周辺で具体的な関心が見えます。,学び直しや情報収集をしている人,"最近『openai』を調べる人が出てきてる。

こういう検索ワードを見ると、今どこに不安や関心があるのか少し見える。",学習|トレンド|観測
Cursor,cursor editor,50,検索の空気変わってきた？cursor editor、“確認しておきたい”人増えてる？。なんとなく今っぽい。,「cursor editor」という検索が出ており、Cursor周辺で具体的な関心が見えます。,学び直しや情報収集をしている人,"最近『cursor editor』を調べる人が出てきてる。

こういう検索ワードを見ると、今どこに不安や関心があるのか少し見える。",学習|トレンド|観測
Cursor,cursor rules,50,最近、cursor rules、最近かなり見る。ここ数年で空気変わった気がする。,「cursor rules」という検索が出ており、Cursor周辺で具体的な関心が見えます。,学び直しや情報収集をしている人,"最近『cursor rules』を調べる人が出てきてる。

こういう検索ワードを見ると、今どこに不安や関心があるのか少し見える。",学習|トレンド|観測
Cursor,cursor agent,50,前はここまでじゃなかったけど、cursor agent、最近かなり見る。気づけば普通になってる。,「cursor agent」という検索が出ており、Cursor周辺で具体的な関心が見えます。,学び直しや情報収集をしている人,"最近『cursor agent』を調べる人が出てきてる。

こういう検索ワードを見ると、今どこに不安や関心があるのか少し見える。",学習|トレンド|観測
Cursor,cursor dashboard,50,ここ最近、cursor dashboard、前より存在感ある。これ地味に大きい変化かも。,「cursor dashboard」という検索が出ており、Cursor周辺で具体的な関心が見えます。,学び直しや情報収集をしている人,"最近『cursor dashboard』を調べる人が出てきてる。

こういう検索ワードを見ると、今どこに不安や関心があるのか少し見える。",学習|トレンド|観測
Cursor,google antigravity,50,意外とgoogle antigravity、最近ちゃんと定着してきた印象。なんとなく今っぽい。,「google antigravity」という検索が出ており、Cursor周辺で具体的な関心が見えます。,学び直しや情報収集をしている人,"最近『google antigravity』を調べる人が出てきてる。

こういう検索ワードを見ると、今どこに不安や関心があるのか少し見える。",学習|トレンド|観測
Cursor,claude ai,50,前はここまでじゃなかったけど、claude ai、最近ちゃんと定着してきた印象。なんか時代感じる。,「claude ai」という検索が出ており、Cursor周辺で具体的な関心が見えます。,学び直しや情報収集をしている人,"最近『claude ai』を調べる人が出てきてる。

こういう検索ワードを見ると、今どこに不安や関心があるのか少し見える。",学習|トレンド|観測
Next.js,next.js api,50,ちょっと面白いのがnext.js api、知らないと不安になる段階かも。わりとリアル。,「next.js api」という検索が出ており、Next.js周辺で具体的な関心が見えます。,学び直しや情報収集をしている人,"最近『next.js api』を調べる人が出てきてる。

こういう検索ワードを見ると、今どこに不安や関心があるのか少し見える。",学習|トレンド|観測
React,react useref,50,以前よりreact useref、前より存在感ある。ちょっと面白い。,「react useref」という検索が出ており、React周辺で具体的な関心が見えます。,学び直しや情報収集をしている人,"最近『react useref』を調べる人が出てきてる。

こういう検索ワードを見ると、今どこに不安や関心があるのか少し見える。",学習|トレンド|観測
Vercel,railway,50,意外とrailway、前より存在感ある。気づけば普通になってる。,「railway」という検索が出ており、Vercel周辺で具体的な関心が見えます。,学び直しや情報収集をしている人,"最近『railway』を調べる人が出てきてる。

こういう検索ワードを見ると、今どこに不安や関心があるのか少し見える。",学習|トレンド|観測
Vercel,netlify,50,以前より“netlify”検索、増えてる？。前はここまでじゃなかった。,「netlify」という検索が出ており、Vercel周辺で具体的な関心が見えます。,学び直しや情報収集をしている人,"最近『netlify』を調べる人が出てきてる。

こういう検索ワードを見ると、今どこに不安や関心があるのか少し見える。",学習|トレンド|観測
Vercel,claude code,50,ちょっと面白いのがclaude code、気にする人増えてるっぽい。なんとなく今っぽい。,「claude code」という検索が出ており、Vercel周辺で具体的な関心が見えます。,学び直しや情報収集をしている人,"最近『claude code』を調べる人が出てきてる。

こういう検索ワードを見ると、今どこに不安や関心があるのか少し見える。",学習|トレンド|観測
Python,python web framework,50,ここに来てpython web framework、気にする人増えてるっぽい。時代の流れ感じる。,「python web framework」という検索が出ており、Python周辺で具体的な関心が見えます。,学び直しや情報収集をしている人,"最近『python web framework』を調べる人が出てきてる。

こういう検索ワードを見ると、今どこに不安や関心があるのか少し見える。",学習|トレンド|観測
ChatGPT,openai chatgpt,40,前よりopenai chatgpt、“知ってる前提”になってきた？。“知ってる前提”になってきた？,「openai chatgpt」という検索が出ており、ChatGPT周辺で具体的な関心が見えます。,学び直しや情報収集をしている人,"最近『openai chatgpt』を調べる人が出てきてる。

こういう検索ワードを見ると、今どこに不安や関心があるのか少し見える。",学習|トレンド|観測
ChatGPT,chatgpt app,40,意外とchatgpt app、最近かなり見る。“知ってる前提”になってきた？,「chatgpt app」という検索が出ており、ChatGPT周辺で具体的な関心が見えます。,学び直しや情報収集をしている人,"最近『chatgpt app』を調べる人が出てきてる。

こういう検索ワードを見ると、今どこに不安や関心があるのか少し見える。",学習|トレンド|観測
ChatGPT,ちゃ tgpt,40,じわじわちゃ tgpt、最近ちゃんと定着してきた印象。時代の流れ感じる。,「ちゃ tgpt」という検索が出ており、ChatGPT周辺で具体的な関心が見えます。,学び直しや情報収集をしている人,"最近『ちゃ tgpt』を調べる人が出てきてる。

こういう検索ワードを見ると、今どこに不安や関心があるのか少し見える。",学習|トレンド|観測
Cursor,cursor changelog,40,以前よりcursor changelog、“確認しておきたい”人増えてる？。時代の流れ感じる。,「cursor changelog」という検索が出ており、Cursor周辺で具体的な関心が見えます。,学び直しや情報収集をしている人,"最近『cursor changelog』を調べる人が出てきてる。

こういう検索ワードを見ると、今どこに不安や関心があるのか少し見える。",学習|トレンド|観測
React,react email,40,ここ最近、react email、最近ちゃんと定着してきた印象。時代の流れ感じる。,「react email」という検索が出ており、React周辺で具体的な関心が見えます。,学び直しや情報収集をしている人,"最近『react email』を調べる人が出てきてる。

こういう検索ワードを見ると、今どこに不安や関心があるのか少し見える。",学習|トレンド|観測
React,next js react 違い,40,今年入ってnext js react 違い、最近かなり見る。“知ってる前提”になってきた？,「next js react 違い」という検索が出ており、React周辺で具体的な関心が見えます。,学び直しや情報収集をしている人,"最近『next js react 違い』を調べる人が出てきてる。

こういう検索ワードを見ると、今どこに不安や関心があるのか少し見える。",学習|トレンド|観測
React,react suspense,40,前はここまでじゃなかったけど、“react suspense”検索、増えてる？。気づけば普通になってる。,「react suspense」という検索が出ており、React周辺で具体的な関心が見えます。,学び直しや情報収集をしている人,"最近『react suspense』を調べる人が出てきてる。

こういう検索ワードを見ると、今どこに不安や関心があるのか少し見える。",学習|トレンド|観測
Vercel,vercel free,40,ここ最近、vercel free、前より存在感ある。前はここまでじゃなかった。,「vercel free」という検索が出ており、Vercel周辺で具体的な関心が見えます。,学び直しや情報収集をしている人,"最近『vercel free』を調べる人が出てきてる。

こういう検索ワードを見ると、今どこに不安や関心があるのか少し見える。",学習|トレンド|観測
ノーコード,キントーン,40,なんかキントーン、最近ちゃんと定着してきた印象。気づけば普通になってる。,「キントーン」という検索が出ており、ノーコード周辺で具体的な関心が見えます。,学び直しや情報収集をしている人,"最近『キントーン』を調べる人が出てきてる。

こういう検索ワードを見ると、今どこに不安や関心があるのか少し見える。",学習|トレンド|観測
